[
  {
    "value": "C",
    "synonyms": [
      "C",
      "charlie"
    ]
  },
  {
    "value": "K",
    "synonyms": [
      "K",
      "kilo"
    ]
  },
  {
    "value": "F",
    "synonyms": [
      "F",
      "foxtrot"
    ]
  },
  {
    "value": "D",
    "synonyms": [
      "D",
      "delta"
    ]
  },
  {
    "value": "J",
    "synonyms": [
      "J",
      "juliett"
    ]
  },
  {
    "value": "B",
    "synonyms": [
      "B",
      "bravo"
    ]
  },
  {
    "value": "M",
    "synonyms": [
      "M",
      "mike"
    ]
  },
  {
    "value": "G",
    "synonyms": [
      "G",
      "golf"
    ]
  },
  {
    "value": "Z",
    "synonyms": [
      "Z",
      "zulu"
    ]
  }
]