[
  {
    "id": "6ca7f518-fe4d-4f96-aadd-c6eef8455ac3",
    "data": [
      {
        "text": "what capacitor is this",
        "userDefined": false
      }
    ],
    "isTemplate": false,
    "count": 0,
    "updated": 1520724267
  },
  {
    "id": "0067cc03-61f5-44f8-9733-e07ec29f61fd",
    "data": [
      {
        "text": "601",
        "alias": "code",
        "meta": "@sys.number",
        "userDefined": true
      },
      {
        "text": " ",
        "userDefined": false
      },
      {
        "text": "F",
        "alias": "tolerance",
        "meta": "@tolerance",
        "userDefined": true
      }
    ],
    "isTemplate": false,
    "count": 0,
    "updated": 1520724267
  },
  {
    "id": "79e5d033-7b0f-4906-9fa5-9689356c5233",
    "data": [
      {
        "text": "this capacitor has the number ",
        "userDefined": false
      },
      {
        "text": "472",
        "alias": "code",
        "meta": "@sys.number",
        "userDefined": false
      }
    ],
    "isTemplate": false,
    "count": 0,
    "updated": 1520724267
  },
  {
    "id": "ccc4f139-6cd1-4770-a6a7-2bb0b340038f",
    "data": [
      {
        "text": "683",
        "alias": "code",
        "meta": "@sys.number",
        "userDefined": true
      }
    ],
    "isTemplate": false,
    "count": 0,
    "updated": 1520724267
  },
  {
    "id": "b97afc19-9e34-4a71-b111-46f87912a652",
    "data": [
      {
        "text": "531",
        "alias": "code",
        "meta": "@sys.number",
        "userDefined": false
      },
      {
        "text": " ",
        "userDefined": false
      },
      {
        "text": "golf",
        "alias": "tolerance",
        "meta": "@tolerance",
        "userDefined": false
      }
    ],
    "isTemplate": false,
    "count": 0,
    "updated": 1520724267
  },
  {
    "id": "cd9cb6ea-1b15-4147-8da8-9c27be5d56b1",
    "data": [
      {
        "text": "The code is ",
        "userDefined": false
      },
      {
        "text": "473",
        "alias": "code",
        "meta": "@sys.number",
        "userDefined": true
      },
      {
        "text": "J",
        "alias": "tolerance",
        "meta": "@tolerance",
        "userDefined": true
      }
    ],
    "isTemplate": false,
    "count": 0,
    "updated": 1520724267
  },
  {
    "id": "31b64057-2733-40a4-818a-ad9c80822817",
    "data": [
      {
        "text": "tell me the value",
        "userDefined": false
      }
    ],
    "isTemplate": false,
    "count": 0,
    "updated": 1520724267
  },
  {
    "id": "40cc77ca-a1e0-4fb3-a8fb-3cc5bcc8da2d",
    "data": [
      {
        "text": "what is a ",
        "userDefined": false
      },
      {
        "text": "100",
        "alias": "code",
        "meta": "@sys.number",
        "userDefined": false
      },
      {
        "text": " capacitor",
        "userDefined": false
      }
    ],
    "isTemplate": false,
    "count": 0,
    "updated": 1520724267
  }
]