[
  {
    "id": "d24c2b89-5d06-407a-a543-047a857052bb",
    "data": [
      {
        "text": "what is a ",
        "userDefined": false
      },
      {
        "text": "10",
        "alias": "capacitance",
        "meta": "@sys.number",
        "userDefined": false
      },
      {
        "text": " ",
        "userDefined": false
      },
      {
        "text": "microfarad",
        "alias": "unit",
        "meta": "@capacitance",
        "userDefined": false
      },
      {
        "text": " capacitor",
        "userDefined": false
      }
    ],
    "isTemplate": false,
    "count": 0,
    "updated": 1520723837
  },
  {
    "id": "cbf37838-bbc9-4565-911d-9fb643dee15d",
    "data": [
      {
        "text": "what is the code",
        "userDefined": false
      }
    ],
    "isTemplate": false,
    "count": 0,
    "updated": 1520723837
  },
  {
    "id": "b495580a-2847-4af6-ae25-700d708cd05a",
    "data": [
      {
        "text": "how do i get a ",
        "userDefined": false
      },
      {
        "text": "32",
        "alias": "capacitance",
        "meta": "@sys.number",
        "userDefined": false
      },
      {
        "text": " ",
        "userDefined": false
      },
      {
        "text": "nF",
        "alias": "unit",
        "meta": "@capacitance",
        "userDefined": false
      }
    ],
    "isTemplate": false,
    "count": 0,
    "updated": 1520723837
  },
  {
    "id": "a06ac5a1-7d34-4471-b9f4-57fb8f018780",
    "data": [
      {
        "text": "give me the code for a ",
        "userDefined": false
      },
      {
        "text": "4700",
        "alias": "capacitance",
        "meta": "@sys.number",
        "userDefined": true
      },
      {
        "text": "pf",
        "alias": "unit",
        "meta": "@capacitance",
        "userDefined": true
      },
      {
        "text": " cap",
        "userDefined": false
      }
    ],
    "isTemplate": false,
    "count": 0,
    "updated": 1520723837
  }
]