[
  {
    "id": "13fac24a-80e2-4a26-98c1-52587dadd1b9",
    "data": [
      {
        "text": "what do you do",
        "userDefined": false
      }
    ],
    "isTemplate": false,
    "count": 0,
    "updated": 1520723825
  },
  {
    "id": "e4b760fa-529f-4857-a154-0e84a33b7ad0",
    "data": [
      {
        "text": "how do you work",
        "userDefined": false
      }
    ],
    "isTemplate": false,
    "count": 0,
    "updated": 1520723825
  },
  {
    "id": "005b0ae8-cb80-4ed0-b91c-74f5fd8be0e9",
    "data": [
      {
        "text": "help",
        "userDefined": false
      }
    ],
    "isTemplate": false,
    "count": 0,
    "updated": 1520723825
  }
]